Murata,murata_69_09168015@gmail.com,090,1488,9966,643,0052,WAKAYAMA KENARIDA GUN HIROGAWA CHOKAMITSUGI
Fujii,fujii_etsuko_45310315@yahoo.co.jp,090,6085,7888,643,0064,WAKAYAMA KENARIDA GUN HIROGAWA CHOKAMINAKANO
Ogata,ogata_yuuki_92444180@gmail.com,090,1345,8263,345,5554,WAKAYAMA KENARIDA GUN HIROGAWA CHOKARO
Obata,obata428_98217104@gmail.com,090,5443,8626,555,7754,WAKAYAMA KENARIDA GUN HIROGAWA CHOGONOSE
Takaoka,takeshi_takaoka_35664511@gmail.com,090,4882,5963,643,0051,WAKAYAMA KENARIDA GUN HIROGAWA CHOSHIMOTSUGI
Ninomiya,ninomiyadaisuke_66584171@hotmaill.com,090,1399,5432,643,0062,WAKAYAMA KENARIDA GUN HIROGAWA CHOTONO
Moriyama,moriyama_atsushi_06732830@gmail.com,090,9705,9388,643,0066,WAKAYAMA KENARIDA GUN HIROGAWA CHONASHIMA
Kitayama,kitayama314_14775975@gmail.com,090,4539,6802,643,0074,WAKAYAMA KENARIDA GUN HIROGAWA CHONISHIHIRO
Shinozaki,shinozakikoichi_91992159@hotmaill.com,090,5692,3119,643,0065,WAKAYAMA KENARIDA GUN HIROGAWA CHOHIGASHINAKA
Doi,doi_kei_23518840@hotmaill.com,090,8379,1632,643,0071,WAKAYAMA KENARIDA GUN HIROGAWA CHOHIRO
Kimura,kimura_327_71487533@yahoo.co.jp,090,8848,7669,643,0054,WAKAYAMA KENARIDA GUN HIROGAWA CHOMAEDA
Nakamura,nakamura_koji_67762901@hotmaill.com,090,9523,9377,643,0063,WAKAYAMA KENARIDA GUN HIROGAWA CHOMINAMIKANAYA
Nakane,nakane_akihiro_23783203@gmail.com,090,9858,5097,643,0061,WAKAYAMA KENARIDA GUN HIROGAWA CHOYANASE
Matsuno,matsuno_53_00450503@hotmaill.com,090,6666,5741,643,0072,WAKAYAMA KENARIDA GUN HIROGAWA CHOYAMAMOTO
Fujimoto,fujimoto611_33064166@yahoo.co.jp,090,4040,6793,643,0075,WAKAYAMA KENARIDA GUN HIROGAWA CHOWADA
Horiuchi,horiuchi_723_15787441@yahoo.co.jp,090,6528,1147,643,0000,WAKAYAMA KENARIDA GUN ARIDAGAWA CHOIKANIKEISAIGANAIBAAI
Iijima,iijima_tomoko_60346991@hotmaill.com,090,9949,3206,643,0366,WAKAYAMA KENARIDA GUN ARIDAGAWA CHOAO
Nagamine,nagamine_yoshihiko_07877813@yahoo.co.jp,090,5488,1857,164,4074,WAKAYAMA KENARIDA GUN ARIDAGAWA CHOAOTA
Morinaga,morinaga_66_75668191@gmail.com,090,7536,1492,643,0129,WAKAYAMA KENARIDA GUN ARIDAGAWA CHOAZETA
Kawaguchi,masaki_kawaguchi_26375127@hotmaill.com,090,5344,1806,643,0127,WAKAYAMA KENARIDA GUN ARIDAGAWA CHOARIHARA
Endou,toshimichi_endou_46589218@gmail.com,090,2254,9253,643,0603,WAKAYAMA KENARIDA GUN ARIDAGAWA CHOITAO
Sakurai,sakurai_1120_70123943@yahoo.co.jp,090,4189,1136,643,0604,WAKAYAMA KENARIDA GUN ARIDAGAWA CHOIDANI
Nagata,yuutanagata_75843698@gmail.com,090,7855,8279,643,0144,WAKAYAMA KENARIDA GUN ARIDAGAWA CHOICHIBA
Seshimo,seshimo217_67776143@yahoo.co.jp,090,4405,4206,643,0851,WAKAYAMA KENARIDA GUN ARIDAGAWA CHOIDE
Maekawa,makikomaekawa_94862534@yahoo.co.jp,090,2108,5539,643,0165,WAKAYAMA KENARIDA GUN ARIDAGAWA CHOITOGAWA
Sugiyama,sugiyamakenichi_88796213@yahoo.co.jp,080,3262,6083,643,0174,WAKAYAMA KENARIDA GUN ARIDAGAWA CHOITONO
Matsushita,matsushita_731_03111557@hotmaill.com,080,5426,2958,643,0844,WAKAYAMA KENARIDA GUN ARIDAGAWA CHOINOKUCHI
Sawada,sawada_rie_46277252@yahoo.co.jp,080,2868,5626,643,0312,WAKAYAMA KENARIDA GUN ARIDAGAWA CHOIWANOGAWA
Hashimoto,hashimoto_yousuke_91324934@yahoo.co.jp,080,1006,8200,643,0164,WAKAYAMA KENARIDA GUN ARIDAGAWA CHOUIGOKE
Ichikawa,yoshifumi_ichikawa_70662248@yahoo.co.jp,080,2542,5887,643,0026,WAKAYAMA KENARIDA GUN ARIDAGAWA CHOUENO
Nakamura,emikonakamura_39698822@gmail.com,080,7652,2724,643,0131,WAKAYAMA KENARIDA GUN ARIDAGAWA CHOOISHI
Ono,ono_1129_71290210@yahoo.co.jp,080,7319,4353,643,0847,WAKAYAMA KENARIDA GUN ARIDAGAWA CHOOKAHATA
Takano,takano_atsushi_97891102@yahoo.co.jp,080,3528,3352,643,0513,WAKAYAMA KENARIDA GUN ARIDAGAWA CHOOZO
Okuda,okuda621_47989193@gmail.com,080,1034,4083,643,0134,WAKAYAMA KENARIDA GUN ARIDAGAWA CHOOSONO
Katayama,katayama89_74845892@hotmaill.com,080,2395,2338,643,0845,WAKAYAMA KENARIDA GUN ARIDAGAWA CHOOTANI
Aoki,aokihiroko_53254563@hotmaill.com,080,6020,4093,643,0135,WAKAYAMA KENARIDA GUN ARIDAGAWA CHOONISHI
Sano,sanoaya_54766595@hotmaill.com,080,9898,2129,643,0142,WAKAYAMA KENARIDA GUN ARIDAGAWA CHOOGAWA
Takemura,takemura_425_55409866@gmail.com,080,2403,8883,643,0022,WAKAYAMA KENARIDA GUN ARIDAGAWA CHOOKI
Doi,kozou_doi_98759866@gmail.com,080,8773,8658,643,0601,WAKAYAMA KENARIDA GUN ARIDAGAWA CHOOSHITE
Kawai,kenji_kawai_09957829@hotmaill.com,080,2500,2538,643,0034,WAKAYAMA KENARIDA GUN ARIDAGAWA CHOOSHIMA
Hoshino,hoshino_105_89512376@gmail.com,080,2638,2304,643,0852,WAKAYAMA KENARIDA GUN ARIDAGAWA CHOONAKA
Noguchi,noguchisakae_76575673@yahoo.co.jp,080,4644,2750,643,0133,WAKAYAMA KENARIDA GUN ARIDAGAWA CHOONOE
Saito,saito_hironori_26963055@hotmaill.com,080,3644,7536,643,0132,WAKAYAMA KENARIDA GUN ARIDAGAWA CHOOHARA
Kanda,saikokanda_01038562@yahoo.co.jp,080,6818,7642,643,0812,WAKAYAMA KENARIDA GUN ARIDAGAWA CHOKAIGURA
Sato,kazuhito_sato_57861643@gmail.com,080,3245,3712,643,0843,WAKAYAMA KENARIDA GUN ARIDAGAWA CHOKASHIKO
Shimada,kenjishimada_18839494@gmail.com,080,6933,7819,643,0152,WAKAYAMA KENARIDA GUN ARIDAGAWA CHOKANAYA
Oikawa,oikawa_kazumi_66320763@yahoo.co.jp,080,4285,4528,643,0176,WAKAYAMA KENARIDA GUN ARIDAGAWA CHOKAMANAKA
Tsuneizumi,tsuneizumi28_71059892@yahoo.co.jp,080,6734,9033,643,0855,WAKAYAMA KENARIDA GUN ARIDAGAWA CHOKAMINAKASHIMA
Urakami,urakamihajime_51478091@hotmaill.com,080,7257,5650,643,0171,WAKAYAMA KENARIDA GUN ARIDAGAWA CHOKAMIMUTSUGAWA
Yamamoto,yamamotoyuusuke_49317501@gmail.com,080,4387,5079,643,0551,WAKAYAMA KENARIDA GUN ARIDAGAWA CHOKAMIYUKAWA
Tamura,tamuratakao_30104410@hotmaill.com,080,8062,1418,643,0364,WAKAYAMA KENARIDA GUN ARIDAGAWA CHOKAWAI
Yoshino,yoshino219_74175716@gmail.com,080,7444,1993,643,0313,WAKAYAMA KENARIDA GUN ARIDAGAWA CHOKAWAGUCHI
Arai,mamoruarai_40338181@gmail.com,080,3916,9650,643,0161,WAKAYAMA KENARIDA GUN ARIDAGAWA CHOKANGIJI
Kodera,yukiko_kodera_08247644@hotmaill.com,080,2794,4389,643,0362,WAKAYAMA KENARIDA GUN ARIDAGAWA CHOKITANOKAWA
Katayama,emiko_katayama_00002863@gmail.com,080,3533,7515,643,0531,WAKAYAMA KENARIDA GUN ARIDAGAWA CHOKUSUMOTO
Hanawa,hanawa_88_96402210@gmail.com,080,7627,8437,643,0514,WAKAYAMA KENARIDA GUN ARIDAGAWA CHOKUNOHARA
Watanabe,watanabe_narumi_22213188@hotmaill.com,080,3470,5558,643,0023,WAKAYAMA KENARIDA GUN ARIDAGAWA CHOKUMAI
Tanioka,tomokotanioka_22554717@yahoo.co.jp,080,8843,2820,643,0172,WAKAYAMA KENARIDA GUN ARIDAGAWA CHOKUROMATSU
Takada,akihirotakada_78982919@yahoo.co.jp,080,8916,1353,643,0544,WAKAYAMA KENARIDA GUN ARIDAGAWA CHOSAKAIGAWA
Fukuchi,toshiyukifukuchi_81431780@yahoo.co.jp,080,6556,3785,643,0521,WAKAYAMA KENARIDA GUN ARIDAGAWA CHOSHIMIZU
Yanagisawa,yanagisawa620_74370984@hotmaill.com,080,9612,4267,643,0021,WAKAYAMA KENARIDA GUN ARIDAGAWA CHOSHIMOTSUNO
Watanabe,watanabe68_73090919@gmail.com,080,6117,5673,643,0173,WAKAYAMA KENARIDA GUN ARIDAGAWA CHOSHIMOMUTSUGAWA
Yamaguchi,yuu_yamaguchi_03531608@gmail.com,080,7965,2654,643,0522,WAKAYAMA KENARIDA GUN ARIDAGAWA CHOSHIMOYUKAWA
Yoshida,yoshida_922_82286748@hotmaill.com,070,8027,3124,643,0811,WAKAYAMA KENARIDA GUN ARIDAGAWA CHOSHO
Fukunaga,fukunaga_105_09276310@hotmaill.com,070,2549,3889,643,0602,WAKAYAMA KENARIDA GUN ARIDAGAWA CHOSUGINOHARA
Takushima,akaritakushima_65876692@gmail.com,070,3347,1358,643,0853,WAKAYAMA KENARIDA GUN ARIDAGAWA CHOSUMI
Yamano,yamano_nobuko_72225870@yahoo.co.jp,070,1983,8237,643,0163,WAKAYAMA KENARIDA GUN ARIDAGAWA CHOSURIGAWA
Takeoka,takeoka112_09551513@gmail.com,070,9710,4901,643,0122,WAKAYAMA KENARIDA GUN ARIDAGAWA CHOSEI
Itaya,itaya329_14645958@yahoo.co.jp,070,8310,1171,643,0846,WAKAYAMA KENARIDA GUN ARIDAGAWA CHOTAGUCHI
Tanaka,tanaka_109_87609053@gmail.com,070,6208,8822,643,0848,WAKAYAMA KENARIDA GUN ARIDAGAWA CHOTAZUMI
Ishiyama,ishiyama_1215_11570945@yahoo.co.jp,070,9845,1745,643,0314,WAKAYAMA KENARIDA GUN ARIDAGAWA CHOTATEISHI
Akiyama,eijiakiyama_07332040@gmail.com,070,3631,1158,643,0311,WAKAYAMA KENARIDA GUN ARIDAGAWA CHOTANI
Aota,aota_316_62342717@hotmaill.com,070,6300,6267,643,0032,WAKAYAMA KENARIDA GUN ARIDAGAWA CHOTEMMA
Shimura,naokoshimura_06117652@hotmaill.com,070,4294,9267,643,0533,WAKAYAMA KENARIDA GUN ARIDAGAWA CHOTOI
Tanaka,daichi_tanaka_47546414@hotmaill.com,070,8985,6252,643,0801,WAKAYAMA KENARIDA GUN ARIDAGAWA CHOTOKUDA
Konishi,jun_konishi_65457839@hotmaill.com,070,2466,5285,643,0123,WAKAYAMA KENARIDA GUN ARIDAGAWA CHONAKA
Mizuno,mizuno_kenichi_89508922@hotmaill.com,070,2615,9769,643,0153,WAKAYAMA KENARIDA GUN ARIDAGAWA CHONAKAIBARA
Murakoshi,mayumi_murakoshi_69264590@gmail.com,070,5707,7202,643,0854,WAKAYAMA KENARIDA GUN ARIDAGAWA CHONAGATA
Tozawa,tozawa_725_17817745@yahoo.co.jp,070,2857,4389,643,0841,WAKAYAMA KENARIDA GUN ARIDAGAWA CHONAGATANI
Sekine,sekine_tae_27428368@yahoo.co.jp,070,4259,2794,643,0143,WAKAYAMA KENARIDA GUN ARIDAGAWA CHONAKANO
Kitamura,saorikitamura_36431757@yahoo.co.jp,070,5297,5198,643,0365,WAKAYAMA KENARIDA GUN ARIDAGAWA CHONAKAHARA
Miyagawa,miyagawachika_92574565@gmail.com,070,2403,8429,643,0124,WAKAYAMA KENARIDA GUN ARIDAGAWA CHONAKAMINE
Eda,eda67_60238132@yahoo.co.jp,070,6989,8618,643,0175,WAKAYAMA KENARIDA GUN ARIDAGAWA CHONIU
Kido,noriko_kido_67339775@yahoo.co.jp,070,5040,3868,643,0363,WAKAYAMA KENARIDA GUN ARIDAGAWA CHONISAWA
Sakoda,sakoda32_87801908@gmail.com,070,3789,4654,643,0128,WAKAYAMA KENARIDA GUN ARIDAGAWA CHONISHIGAMINE
Nakajima,junichinakajima_97857681@hotmaill.com,070,7999,1744,643,0813,WAKAYAMA KENARIDA GUN ARIDAGAWA CHONISHINYUNOZU
Shimura,minorushimura_16555716@gmail.com,070,6779,8669,643,0125,WAKAYAMA KENARIDA GUN ARIDAGAWA CHONUTADA
Matsui,matsui35_36290643@yahoo.co.jp,070,8142,2209,643,0532,WAKAYAMA KENARIDA GUN ARIDAGAWA CHONUMA
Yamazaki,yamazaki_junko_83854265@gmail.com,070,2448,6347,643,0605,WAKAYAMA KENARIDA GUN ARIDAGAWA CHONUMATANI
Yamaguchi,yamaguchi_naohisa_46249607@gmail.com,070,4798,1301,643,0031,WAKAYAMA KENARIDA GUN ARIDAGAWA CHONODA
Wakamatsu,wakamatsu710_12593611@gmail.com,070,5825,9563,643,0137,WAKAYAMA KENARIDA GUN ARIDAGAWA CHONOBUSAKA
Endou,yuuyaendou_01265844@yahoo.co.jp,070,2489,5224,643,0151,WAKAYAMA KENARIDA GUN ARIDAGAWA CHOHASEGAWA
Yanagimoto,makotoyanagimoto_24769636@yahoo.co.jp,070,5880,8897,643,0025,WAKAYAMA KENARIDA GUN ARIDAGAWA CHOHABU
Sasaki,sasaki_89_45566803@gmail.com,070,9382,2080,643,0541,WAKAYAMA KENARIDA GUN ARIDAGAWA CHOHIGASHIODANI
Yoshida,yoshida_818_83189122@hotmaill.com,070,8698,5521,643,0803,WAKAYAMA KENARIDA GUN ARIDAGAWA CHOHIGASHINYUNOZU
Tsujino,takashitsujino_91598029@yahoo.co.jp,070,7875,3476,643,0121,WAKAYAMA KENARIDA GUN ARIDAGAWA CHOHIKOGASE
Kinjou,kinjou713_94480396@hotmaill.com,070,9718,9481,643,0543,WAKAYAMA KENARIDA GUN ARIDAGAWA CHOHIMONOGAWA
Hasegawa,hasegawa_929_30049454@gmail.com,070,1765,3552,643,0542,WAKAYAMA KENARIDA GUN ARIDAGAWA CHOFUTAGAWA
Mitoma,mitoma_jun_56764182@gmail.com,070,1546,9034,643,0842,WAKAYAMA KENARIDA GUN ARIDAGAWA CHOFUNASAKA
Murayama,masakimurayama_88109686@yahoo.co.jp,070,3148,4932,643,0141,WAKAYAMA KENARIDA GUN ARIDAGAWA CHOBUYO
Abe,abetaku_73389129@yahoo.co.jp,070,9586,9893,643,0126,WAKAYAMA KENARIDA GUN ARIDAGAWA CHOHONDO
Hori,takako_hori_12489787@hotmaill.com,070,3016,3772,643,0162,WAKAYAMA KENARIDA GUN ARIDAGAWA CHOMATSUBARA
Hattori,hattori_wataru_40448973@gmail.com,070,7040,9002,643,0024,WAKAYAMA KENARIDA GUN ARIDAGAWA CHOMIZUSHIRI
Kanno,kanno73_56737552@hotmaill.com,070,8905,7429,643,0361,WAKAYAMA KENARIDA GUN ARIDAGAWA CHOMISEGAWA
Yoshida,yoshida_michi_51818862@yahoo.co.jp,070,4735,8941,643,0511,WAKAYAMA KENARIDA GUN ARIDAGAWA CHOMITA
Aono,atsukoaono_38851467@yahoo.co.jp,070,7387,2894,643,0512,WAKAYAMA KENARIDA GUN ARIDAGAWA CHOMIYAGAWA
Kikuchi,kikuchi_1123_84583628@hotmaill.com,070,9317,5518,643,0033,WAKAYAMA KENARIDA GUN ARIDAGAWA CHOMYOJI
Morita,morita_51_34775137@yahoo.co.jp,070,8005,2038,643,0515,WAKAYAMA KENARIDA GUN ARIDAGAWA CHOMUROGAWA
Tsubota,akihirotsubota_22035597@gmail.com,070,2340,3259,643,0166,WAKAYAMA KENARIDA GUN ARIDAGAWA CHOYOSHIHARA
Shibamoto,shibamotochie_19781309@gmail.com,070,2060,8851,643,0802,WAKAYAMA KENARIDA GUN ARIDAGAWA CHOYOSHIMI
Hori,kentarouhori_80420495@hotmaill.com,070,8438,2973,644,0000,WAKAYAMA KENHIDAKA GUN MIHAMA CHOIKANIKEISAIGANAIBAAI
Abe,abe_mai_97455033@yahoo.co.jp,070,7893,6528,644,0041,WAKAYAMA KENHIDAKA GUN MIHAMA CHOTAI
Tsubono,teruaki_tsubono_75673883@hotmaill.com,070,7778,9095,644,0042,WAKAYAMA KENHIDAKA GUN MIHAMA CHOHAMANOSE
Sasaki,sasaki_yumi_25689859@yahoo.co.jp,070,9723,8307,644,0045,WAKAYAMA KENHIDAKA GUN MIHAMA CHOMIO
Endou,endoufumi_99750009@yahoo.co.jp,070,9374,3013,644,0043,WAKAYAMA KENHIDAKA GUN MIHAMA CHOYOSHIHARA
Tamura,tamura_seiichi_83513647@hotmaill.com,090,9643,5138,644,0044,WAKAYAMA KENHIDAKA GUN MIHAMA CHOWADA
Kinoshita,sanae_kinoshita_35184034@gmail.com,090,1442,4903,649,1200,WAKAYAMA KENHIDAKA GUN HIDAKA CHOIKANIKEISAIGANAIBAAI
Shibukawa,shibukawa_228_35215425@hotmaill.com,090,9327,1623,649,1232,WAKAYAMA KENHIDAKA GUN HIDAKA CHOAO
Kamata,kamatayasuo_74704688@yahoo.co.jp,090,1413,8237,649,1203,WAKAYAMA KENHIDAKA GUN HIDAKA CHOIKEDA
Onishi,onishi_107_12750040@gmail.com,090,4376,2679,649,1211,WAKAYAMA KENHIDAKA GUN HIDAKA CHOIBARAKI
Kametani,kametani118_64291009@hotmaill.com,090,5212,3860,649,1233,WAKAYAMA KENHIDAKA GUN HIDAKA CHOUBUYU
Honda,honda_tomoyuki_67643991@hotmaill.com,090,2794,3409,649,1222,WAKAYAMA KENHIDAKA GUN HIDAKA CHOOIKE
Oka,takayuki_oka_51491131@gmail.com,090,8364,1585,649,1223,WAKAYAMA KENHIDAKA GUN HIDAKA CHOORA
Matsumoto,matsumoto_hiroko_90514399@yahoo.co.jp,090,7204,6909,649,1231,WAKAYAMA KENHIDAKA GUN HIDAKA CHOOSAKA
Furukawa,tomoko_furukawa_42345738@hotmaill.com,090,8776,7400,649,1212,WAKAYAMA KENHIDAKA GUN HIDAKA CHOONAKA
Nishio,kosukenishio_94969195@yahoo.co.jp,090,9664,5526,649,1225,WAKAYAMA KENHIDAKA GUN HIDAKA CHOKATAKUI
Nishizawa,nishizawa_satoru_60819985@yahoo.co.jp,090,4562,9823,649,1221,WAKAYAMA KENHIDAKA GUN HIDAKA CHOSHIGA
Hirata,hirata108_32349405@yahoo.co.jp,090,4765,5551,649,1213,WAKAYAMA KENHIDAKA GUN HIDAKA CHOTAIE
Narita,midori_narita_27642598@hotmaill.com,090,5467,3950,649,1224,WAKAYAMA KENHIDAKA GUN HIDAKA CHOTSUKUNO
Fujii,yutakafujii_89856707@gmail.com,090,3724,9928,649,1202,WAKAYAMA KENHIDAKA GUN HIDAKA CHOHAGIWARA
Sakai,sakai_hirokazu_15112454@gmail.com,090,8309,3768,649,1201,WAKAYAMA KENHIDAKA GUN HIDAKA CHOHARADANI
Sato,satotomokazu_16931889@hotmaill.com,090,4415,2142,649,1234,WAKAYAMA KENHIDAKA GUN HIDAKA CHOHII
Watai,watai_takuya_44087839@gmail.com,090,8526,7261,649,1100,WAKAYAMA KENHIDAKA GUN YURA CHOIKANIKEISAIGANAIBAAI
Ito,atsushi_ito_47586266@gmail.com,090,5615,1245,649,1112,WAKAYAMA KENHIDAKA GUN YURA CHOAJIRO
Shimabukuro,midorishimabukuro_28739212@gmail.com,090,2851,7807,649,1113,WAKAYAMA KENHIDAKA GUN YURA CHOATO
Tsubaki,tsubaki_929_12464191@gmail.com,090,6061,4250,649,1132,WAKAYAMA KENHIDAKA GUN YURA CHOENA
Suzuki,suzuki526_91992386@gmail.com,080,5437,4488,649,1104,WAKAYAMA KENHIDAKA GUN YURA CHOENOKOMA
Miura,miura_toshiko_94740636@gmail.com,080,7058,1129,649,1123,WAKAYAMA KENHIDAKA GUN YURA CHOOBIKI
Tamagawa,tamagawasatoshi_78234678@yahoo.co.jp,080,9155,9756,649,1122,WAKAYAMA KENHIDAKA GUN YURA CHOKAMIYA
Bannai,shoukobannai_04249796@yahoo.co.jp,080,4656,1951,649,1131,WAKAYAMA KENHIDAKA GUN YURA CHOKOBIKI
Udagawa,udagawa_hidekatsu_12573267@yahoo.co.jp,080,8073,8430,649,1111,WAKAYAMA KENHIDAKA GUN YURA CHOSATO
Imamura,imamuraatsushi_78472324@hotmaill.com,080,4087,5112,649,1134,WAKAYAMA KENHIDAKA GUN YURA CHOTOTSUI
Fujimoto,fujimoto_218_99833502@yahoo.co.jp,080,9775,7513,649,1102,WAKAYAMA KENHIDAKA GUN YURA CHONAKA
Taguchi,katsuhidetaguchi_19852124@yahoo.co.jp,080,1107,5318,649,1101,WAKAYAMA KENHIDAKA GUN YURA CHOHATA
Murata,murata_715_99116102@hotmaill.com,080,7489,3975,649,1121,WAKAYAMA KENHIDAKA GUN YURA CHOFUKEI
Kinoshita,kinoshita_midori_87153464@gmail.com,080,7464,5674,649,1133,WAKAYAMA KENHIDAKA GUN YURA CHOMIOGAWA
Yoshida,yoshida_tomomi_20748044@yahoo.co.jp,080,3906,3064,649,1103,WAKAYAMA KENHIDAKA GUN YURA CHOMONZEN
Miura,yuukomiura_44005421@gmail.com,080,8673,7055,649,1500,WAKAYAMA KENHIDAKA GUN INAMI CHOIKANIKEISAIGANAIBAAI
Kamiya,kyouhei_kamiya_37958926@yahoo.co.jp,080,9571,9183,649,1534,WAKAYAMA KENHIDAKA GUN INAMI CHOINAMI
Nishihara,iorinishihara_84922127@hotmaill.com,080,3496,9231,649,1532,WAKAYAMA KENHIDAKA GUN INAMI CHOINAMBARA
Nakatsukasa,norikonakatsukasa_01964723@hotmaill.com,080,3698,9529,644,0215,WAKAYAMA KENHIDAKA GUN INAMI CHOKAIZEGAWA
Watanabe,watanabenaoko_99729189@gmail.com,080,7021,5017,644,0202,WAKAYAMA KENHIDAKA GUN INAMI CHOKABORA
Chiba,chiba58_33017192@hotmaill.com,080,7314,7405,644,0201,WAKAYAMA KENHIDAKA GUN INAMI CHOKAWAMATA
Kurooka,kurooka_shinji_59949484@yahoo.co.jp,080,6164,6601,644,0214,WAKAYAMA KENHIDAKA GUN INAMI CHOKOBARA
Fukai,hideki_fukai_68198029@hotmaill.com,080,1588,9794,644,0216,WAKAYAMA KENHIDAKA GUN INAMI CHOSAKINOHARA
Ido,asako_ido_97103548@yahoo.co.jp,080,4321,2387,649,1527,WAKAYAMA KENHIDAKA GUN INAMI CHOSHIMADA
Okabe,okabe_yukiko_94805516@gmail.com,080,1260,5825,644,0211,WAKAYAMA KENHIDAKA GUN INAMI CHOTAKAKUSHI
Tamaki,tamaki_keiko_36139099@yahoo.co.jp,080,8850,6863,649,1531,WAKAYAMA KENHIDAKA GUN INAMI CHOTATEISHI
Yoshida,yoshida_atsuko_10633020@yahoo.co.jp,080,3925,9209,644,0212,WAKAYAMA KENHIDAKA GUN INAMI CHOTANOKAITO
Ito,chiharu_ito_81893475@gmail.com,080,8667,2702,649,1535,WAKAYAMA KENHIDAKA GUN INAMI CHOTSUI
Tamura,tamurachieko_34629376@gmail.com,080,9469,7925,644,0213,WAKAYAMA KENHIDAKA GUN INAMI CHONISHIKONOGAWA
Kanno,katsuyakanno_11234436@gmail.com,080,2224,1973,649,1528,WAKAYAMA KENHIDAKA GUN INAMI CHONISHINOJI
Nakamura,katsuhisanakamura_98821989@hotmaill.com,080,5315,3172,644,0217,WAKAYAMA KENHIDAKA GUN INAMI CHONYU
Kondou,mayumi_kondou_40363165@gmail.com,080,2906,2276,649,1524,WAKAYAMA KENHIDAKA GUN INAMI CHOHAROKU
Takagi,takagiyouko_00920040@gmail.com,080,6500,8825,649,1522,WAKAYAMA KENHIDAKA GUN INAMI CHOFURUI
Oguri,oguri520_91666743@hotmaill.com,080,7508,7099,649,1525,WAKAYAMA KENHIDAKA GUN INAMI CHOFURUYA
Tadokoro,tadokorokazuko_37718864@hotmaill.com,080,4705,9975,649,1523,WAKAYAMA KENHIDAKA GUN INAMI CHOHOKUSOGAWA
Ito,itoai_95932573@yahoo.co.jp,080,9977,1200,644,0218,WAKAYAMA KENHIDAKA GUN INAMI CHOMATSUBARA
Nakauchi,rienakauchi_44068632@gmail.com,080,6890,1806,649,1521,WAKAYAMA KENHIDAKA GUN INAMI CHOMISATO
Iino,iinohisato_51017081@yahoo.co.jp,080,4592,8026,649,1536,WAKAYAMA KENHIDAKA GUN INAMI CHOMINAMIDANI
Matsumoto,matsumoto730_18206809@yahoo.co.jp,080,4517,6568,649,1526,WAKAYAMA KENHIDAKA GUN INAMI CHOMIYANOMAE
Koike,koike_misa_16316444@gmail.com,080,8907,5954,649,1537,WAKAYAMA KENHIDAKA GUN INAMI CHOMYOJINGAWA
Murakami,murakami417_66868449@gmail.com,080,9828,5714,649,1533,WAKAYAMA KENHIDAKA GUN INAMI CHOYAMAGUCHI
Kubo,kubo_akina_95814637@hotmaill.com,080,6453,2288,645,0000,WAKAYAMA KENHIDAKA GUN MINABE CHOIKANIKEISAIGANAIBAAI
Shimizu,shimizu_tomohiko_97857142@gmail.com,080,7018,5108,645,0208,WAKAYAMA KENHIDAKA GUN MINABE CHOICHIIGAWA
Tsukada,motoharu_tsukada_29799596@gmail.com,070,4764,6712,645,0022,WAKAYAMA KENHIDAKA GUN MINABE CHOOSHINE
Shibata,shibata_724_68002218@hotmaill.com,070,9523,1202,645,0011,WAKAYAMA KENHIDAKA GUN MINABE CHOKISATO
Kato,kato1127_37898417@gmail.com,070,6060,7064,645,0006,WAKAYAMA KENHIDAKA GUN MINABE CHOKITADO
Baba,babashinobu_49622175@gmail.com,070,2483,6215,645,0201,WAKAYAMA KENHIDAKA GUN MINABE CHOKIYOKAWA
Nakano,kaori_nakano_32545278@hotmaill.com,070,3530,3213,645,0023,WAKAYAMA KENHIDAKA GUN MINABE CHOKUMAOKA
Fujisawa,fujisawa125_07572070@yahoo.co.jp,070,4906,7782,645,0028,WAKAYAMA KENHIDAKA GUN MINABE CHOKUMASEGAWA
Sato,sato926_36780131@gmail.com,070,4238,5687,645,0003,WAKAYAMA KENHIDAKA GUN MINABE CHOSAKAI
Katagiri,katagiriyoshinori_32280517@hotmaill.com,070,5100,8146,645,0002,WAKAYAMA KENHIDAKA GUN MINABE CHOSHIBA
Tanaka,tanakaryousuke_69308444@hotmaill.com,070,4322,6619,645,0203,WAKAYAMA KENHIDAKA GUN MINABE CHOSHIMANOSE
Yamazaki,kenji_yamazaki_18447606@gmail.com,070,3016,6837,645,0025,WAKAYAMA KENHIDAKA GUN MINABE CHOSUJI
Watanabe,watanabe1020_52842142@gmail.com,070,7888,2885,645,0207,WAKAYAMA KENHIDAKA GUN MINABE CHOTAKANO
Fukuda,yuifukuda_29726451@gmail.com,070,6291,2747,645,0205,WAKAYAMA KENHIDAKA GUN MINABE CHOTAKI
Ishikawa,ishikawa65_75840131@yahoo.co.jp,070,3156,9925,645,0026,WAKAYAMA KENHIDAKA GUN MINABE CHOTANIGUCHI
Shinozaki,shinozaki_31_01084499@gmail.com,070,5884,2916,645,0206,WAKAYAMA KENHIDAKA GUN MINABE CHODOI
Takai,takai_47_57785757@gmail.com,070,6074,3474,645,0024,WAKAYAMA KENHIDAKA GUN MINABE CHOTOKUZO
Okuda,sachikookuda_71030245@yahoo.co.jp,070,5035,7809,645,0014,WAKAYAMA KENHIDAKA GUN MINABE CHONISHIIWASHIRO
Sogame,sogame_shuuichi_31026630@hotmaill.com,070,5171,7619,645,0027,WAKAYAMA KENHIDAKA GUN MINABE CHONISHIHONJO
Iwai,iwaisatoshi_15014245@gmail.com,070,2599,2055,645,0004,WAKAYAMA KENHIDAKA GUN MINABE CHOHANETA
Honda,ikumihonda_40578292@hotmaill.com,070,9207,5868,645,0013,WAKAYAMA KENHIDAKA GUN MINABE CHOHIGASHIIWASHIRO
Konishi,konishi1219_93999842@gmail.com,070,4262,3729,645,0202,WAKAYAMA KENHIDAKA GUN MINABE CHOHIGASHIKONOGAWA
Morimoto,morimoto327_89330619@yahoo.co.jp,070,1198,9546,645,0021,WAKAYAMA KENHIDAKA GUN MINABE CHOHIGASHIHONJO
Yoshida,shumpeiyoshida_22339550@gmail.com,070,1636,9483,645,0001,WAKAYAMA KENHIDAKA GUN MINABE CHOHIGASHIYOSHIDA
Nakano,nakano_221_70493672@yahoo.co.jp,070,1686,4815,645,0204,WAKAYAMA KENHIDAKA GUN MINABE CHOHIRONO
Nagamine,mikanagamine_38527700@hotmaill.com,070,5525,5289,645,0005,WAKAYAMA KENHIDAKA GUN MINABE CHOMINAMIDO
Igarashi,igarashi_nozomi_22762269@hotmaill.com,070,4645,3940,645,0012,WAKAYAMA KENHIDAKA GUN MINABE CHOYAMAUCHI
