Murata,murata_69_09168015@gmail.com,,,090,7272,3906,WAKAYAMA KEN,ARIDA GUN HIROGAWA CHO,KAMITSUGI
Fujii,fujii_etsuko_45310315@yahoo.co.jp,,,090,8576,7888,WAKAYAMA KEN,ARIDA GUN HIROGAWA CHO,KAMINAKANO
Ogata,ogata_yuuki_92444180@gmail.com,,,090,5978,1679,WAKAYAMA KEN,ARIDA GUN HIROGAWA CHO,KARO
Obata,obata428_98217104@gmail.com,,,090,2416,7202,WAKAYAMA KEN,ARIDA GUN HIROGAWA CHO,GONOSE
Takaoka,takeshi_takaoka_35664511@gmail.com,,,090,4410,4599,WAKAYAMA KEN,ARIDA GUN HIROGAWA CHO,SHIMOTSUGI
Ninomiya,ninomiyadaisuke_66584171@hotmaill.com,,,090,3828,7261,WAKAYAMA KEN,ARIDA GUN HIROGAWA CHO,TONO
Moriyama,moriyama_atsushi_06732830@gmail.com,,,090,6298,3363,WAKAYAMA KEN,ARIDA GUN HIROGAWA CHO,NASHIMA
Kitayama,kitayama314_14775975@gmail.com,,,090,5602,5763,WAKAYAMA KEN,ARIDA GUN HIROGAWA CHO,NISHIHIRO
Shinozaki,shinozakikoichi_91992159@hotmaill.com,,,090,8168,5165,WAKAYAMA KEN,ARIDA GUN HIROGAWA CHO,HIGASHINAKA
Doi,doi_kei_23518840@hotmaill.com,,,090,4330,4069,WAKAYAMA KEN,ARIDA GUN HIROGAWA CHO,HIRO
Kimura,kimura_327_71487533@yahoo.co.jp,,,090,8031,4429,WAKAYAMA KEN,ARIDA GUN HIROGAWA CHO,MAEDA
Nakamura,nakamura_koji_67762901@hotmaill.com,,,090,3880,9159,WAKAYAMA KEN,ARIDA GUN HIROGAWA CHO,MINAMIKANAYA
Nakane,nakane_akihiro_23783203@gmail.com,,,090,6192,1390,WAKAYAMA KEN,ARIDA GUN HIROGAWA CHO,YANASE
Matsuno,matsuno_53_00450503@hotmaill.com,,,090,7695,5350,WAKAYAMA KEN,ARIDA GUN HIROGAWA CHO,YAMAMOTO
Fujimoto,fujimoto611_33064166@yahoo.co.jp,,,090,4693,7469,WAKAYAMA KEN,ARIDA GUN HIROGAWA CHO,WADA
Horiuchi,horiuchi_723_15787441@yahoo.co.jp,,,090,3600,5491,WAKAYAMA KEN,ARIDA GUN ARIDAGAWA CHO,IKANIKEISAIGANAIBAAI
Iijima,iijima_tomoko_60346991@hotmaill.com,,,090,5742,1289,WAKAYAMA KEN,ARIDA GUN ARIDAGAWA CHO,AO
Nagamine,nagamine_yoshihiko_07877813@yahoo.co.jp,,,090,6442,6082,WAKAYAMA KEN,ARIDA GUN ARIDAGAWA CHO,AOTA
Morinaga,morinaga_66_75668191@gmail.com,,,090,3008,9014,WAKAYAMA KEN,ARIDA GUN ARIDAGAWA CHO,AZETA
Kawaguchi,masaki_kawaguchi_26375127@hotmaill.com,,,090,6068,2090,WAKAYAMA KEN,ARIDA GUN ARIDAGAWA CHO,ARIHARA
Endou,toshimichi_endou_46589218@gmail.com,,,090,9795,7644,WAKAYAMA KEN,ARIDA GUN ARIDAGAWA CHO,ITAO
Sakurai,sakurai_1120_70123943@yahoo.co.jp,,,090,9517,7162,WAKAYAMA KEN,ARIDA GUN ARIDAGAWA CHO,IDANI
Nagata,yuutanagata_75843698@gmail.com,,,090,9700,7698,WAKAYAMA KEN,ARIDA GUN ARIDAGAWA CHO,ICHIBA
Seshimo,seshimo217_67776143@yahoo.co.jp,,,090,9290,5062,WAKAYAMA KEN,ARIDA GUN ARIDAGAWA CHO,IDE
Maekawa,makikomaekawa_94862534@yahoo.co.jp,,,090,9247,3311,WAKAYAMA KEN,ARIDA GUN ARIDAGAWA CHO,ITOGAWA
Sugiyama,sugiyamakenichi_88796213@yahoo.co.jp,,,080,2986,5641,WAKAYAMA KEN,ARIDA GUN ARIDAGAWA CHO,ITONO
Matsushita,matsushita_731_03111557@hotmaill.com,,,080,7436,7986,WAKAYAMA KEN,ARIDA GUN ARIDAGAWA CHO,INOKUCHI
Sawada,sawada_rie_46277252@yahoo.co.jp,,,080,9673,6469,WAKAYAMA KEN,ARIDA GUN ARIDAGAWA CHO,IWANOGAWA
Hashimoto,hashimoto_yousuke_91324934@yahoo.co.jp,,,080,4938,7124,WAKAYAMA KEN,ARIDA GUN ARIDAGAWA CHO,UIGOKE
Ichikawa,yoshifumi_ichikawa_70662248@yahoo.co.jp,,,080,1457,8693,WAKAYAMA KEN,ARIDA GUN ARIDAGAWA CHO,UENO
Nakamura,emikonakamura_39698822@gmail.com,,,080,4673,8100,WAKAYAMA KEN,ARIDA GUN ARIDAGAWA CHO,OISHI
Ono,ono_1129_71290210@yahoo.co.jp,,,080,8152,8786,WAKAYAMA KEN,ARIDA GUN ARIDAGAWA CHO,OKAHATA
Takano,takano_atsushi_97891102@yahoo.co.jp,,,080,6851,2060,WAKAYAMA KEN,ARIDA GUN ARIDAGAWA CHO,OZO
Okuda,okuda621_47989193@gmail.com,,,080,8619,6639,WAKAYAMA KEN,ARIDA GUN ARIDAGAWA CHO,OSONO
Katayama,katayama89_74845892@hotmaill.com,,,080,1628,1362,WAKAYAMA KEN,ARIDA GUN ARIDAGAWA CHO,OTANI
Aoki,aokihiroko_53254563@hotmaill.com,,,080,2044,3348,WAKAYAMA KEN,ARIDA GUN ARIDAGAWA CHO,ONISHI
Sano,sanoaya_54766595@hotmaill.com,,,080,6604,9255,WAKAYAMA KEN,ARIDA GUN ARIDAGAWA CHO,OGAWA
Takemura,takemura_425_55409866@gmail.com,,,080,1120,3907,WAKAYAMA KEN,ARIDA GUN ARIDAGAWA CHO,OKI
Doi,kozou_doi_98759866@gmail.com,,,080,5383,2323,WAKAYAMA KEN,ARIDA GUN ARIDAGAWA CHO,OSHITE
Kawai,kenji_kawai_09957829@hotmaill.com,,,080,7557,4992,WAKAYAMA KEN,ARIDA GUN ARIDAGAWA CHO,OSHIMA
Hoshino,hoshino_105_89512376@gmail.com,,,080,7879,8793,WAKAYAMA KEN,ARIDA GUN ARIDAGAWA CHO,ONAKA
Noguchi,noguchisakae_76575673@yahoo.co.jp,,,080,5652,1636,WAKAYAMA KEN,ARIDA GUN ARIDAGAWA CHO,ONOE
Saito,saito_hironori_26963055@hotmaill.com,,,080,1456,3299,WAKAYAMA KEN,ARIDA GUN ARIDAGAWA CHO,OHARA
Kanda,saikokanda_01038562@yahoo.co.jp,,,080,5688,7686,WAKAYAMA KEN,ARIDA GUN ARIDAGAWA CHO,KAIGURA
Sato,kazuhito_sato_57861643@gmail.com,,,080,8955,1204,WAKAYAMA KEN,ARIDA GUN ARIDAGAWA CHO,KASHIKO
Shimada,kenjishimada_18839494@gmail.com,,,080,4985,7248,WAKAYAMA KEN,ARIDA GUN ARIDAGAWA CHO,KANAYA
Oikawa,oikawa_kazumi_66320763@yahoo.co.jp,,,080,7931,6165,WAKAYAMA KEN,ARIDA GUN ARIDAGAWA CHO,KAMANAKA
Tsuneizumi,tsuneizumi28_71059892@yahoo.co.jp,,,080,4364,6386,WAKAYAMA KEN,ARIDA GUN ARIDAGAWA CHO,KAMINAKASHIMA
Urakami,urakamihajime_51478091@hotmaill.com,,,080,9681,2807,WAKAYAMA KEN,ARIDA GUN ARIDAGAWA CHO,KAMIMUTSUGAWA
Yamamoto,yamamotoyuusuke_49317501@gmail.com,,,080,4084,7844,WAKAYAMA KEN,ARIDA GUN ARIDAGAWA CHO,KAMIYUKAWA
Tamura,tamuratakao_30104410@hotmaill.com,,,080,9184,2726,WAKAYAMA KEN,ARIDA GUN ARIDAGAWA CHO,KAWAI
Yoshino,yoshino219_74175716@gmail.com,,,080,6063,8802,WAKAYAMA KEN,ARIDA GUN ARIDAGAWA CHO,KAWAGUCHI
Arai,mamoruarai_40338181@gmail.com,,,080,4475,4584,WAKAYAMA KEN,ARIDA GUN ARIDAGAWA CHO,KANGIJI
Kodera,yukiko_kodera_08247644@hotmaill.com,,,080,5645,8248,WAKAYAMA KEN,ARIDA GUN ARIDAGAWA CHO,KITANOKAWA
Katayama,emiko_katayama_00002863@gmail.com,,,080,1722,2399,WAKAYAMA KEN,ARIDA GUN ARIDAGAWA CHO,KUSUMOTO
Hanawa,hanawa_88_96402210@gmail.com,,,080,6892,4195,WAKAYAMA KEN,ARIDA GUN ARIDAGAWA CHO,KUNOHARA
Watanabe,watanabe_narumi_22213188@hotmaill.com,,,080,3215,1124,WAKAYAMA KEN,ARIDA GUN ARIDAGAWA CHO,KUMAI
Tanioka,tomokotanioka_22554717@yahoo.co.jp,,,080,3571,8840,WAKAYAMA KEN,ARIDA GUN ARIDAGAWA CHO,KUROMATSU
Takada,akihirotakada_78982919@yahoo.co.jp,,,080,1387,1657,WAKAYAMA KEN,ARIDA GUN ARIDAGAWA CHO,SAKAIGAWA
Fukuchi,toshiyukifukuchi_81431780@yahoo.co.jp,,,080,5589,6841,WAKAYAMA KEN,ARIDA GUN ARIDAGAWA CHO,SHIMIZU
Yanagisawa,yanagisawa620_74370984@hotmaill.com,,,080,1645,9450,WAKAYAMA KEN,ARIDA GUN ARIDAGAWA CHO,SHIMOTSUNO
Watanabe,watanabe68_73090919@gmail.com,,,080,2544,3600,WAKAYAMA KEN,ARIDA GUN ARIDAGAWA CHO,SHIMOMUTSUGAWA
Yamaguchi,yuu_yamaguchi_03531608@gmail.com,,,080,4683,1677,WAKAYAMA KEN,ARIDA GUN ARIDAGAWA CHO,SHIMOYUKAWA
Yoshida,yoshida_922_82286748@hotmaill.com,,,070,1011,6620,WAKAYAMA KEN,ARIDA GUN ARIDAGAWA CHO,SHO
Fukunaga,fukunaga_105_09276310@hotmaill.com,,,070,1818,6515,WAKAYAMA KEN,ARIDA GUN ARIDAGAWA CHO,SUGINOHARA
Takushima,akaritakushima_65876692@gmail.com,,,070,9462,3300,WAKAYAMA KEN,ARIDA GUN ARIDAGAWA CHO,SUMI
Yamano,yamano_nobuko_72225870@yahoo.co.jp,,,070,8403,7159,WAKAYAMA KEN,ARIDA GUN ARIDAGAWA CHO,SURIGAWA
Takeoka,takeoka112_09551513@gmail.com,,,070,9429,9810,WAKAYAMA KEN,ARIDA GUN ARIDAGAWA CHO,SEI
Itaya,itaya329_14645958@yahoo.co.jp,,,070,6073,9662,WAKAYAMA KEN,ARIDA GUN ARIDAGAWA CHO,TAGUCHI
Tanaka,tanaka_109_87609053@gmail.com,,,070,8813,1958,WAKAYAMA KEN,ARIDA GUN ARIDAGAWA CHO,TAZUMI
Ishiyama,ishiyama_1215_11570945@yahoo.co.jp,,,070,4733,3702,WAKAYAMA KEN,ARIDA GUN ARIDAGAWA CHO,TATEISHI
Akiyama,eijiakiyama_07332040@gmail.com,,,070,4196,2464,WAKAYAMA KEN,ARIDA GUN ARIDAGAWA CHO,TANI
Aota,aota_316_62342717@hotmaill.com,,,070,6977,3388,WAKAYAMA KEN,ARIDA GUN ARIDAGAWA CHO,TEMMA
Shimura,naokoshimura_06117652@hotmaill.com,,,070,3428,4494,WAKAYAMA KEN,ARIDA GUN ARIDAGAWA CHO,TOI
Tanaka,daichi_tanaka_47546414@hotmaill.com,,,070,2140,7019,WAKAYAMA KEN,ARIDA GUN ARIDAGAWA CHO,TOKUDA
Konishi,jun_konishi_65457839@hotmaill.com,,,070,7746,7893,WAKAYAMA KEN,ARIDA GUN ARIDAGAWA CHO,NAKA
Mizuno,mizuno_kenichi_89508922@hotmaill.com,,,070,7104,7482,WAKAYAMA KEN,ARIDA GUN ARIDAGAWA CHO,NAKAIBARA
Murakoshi,mayumi_murakoshi_69264590@gmail.com,,,070,2338,2038,WAKAYAMA KEN,ARIDA GUN ARIDAGAWA CHO,NAGATA
Tozawa,tozawa_725_17817745@yahoo.co.jp,,,070,8773,9567,WAKAYAMA KEN,ARIDA GUN ARIDAGAWA CHO,NAGATANI
Sekine,sekine_tae_27428368@yahoo.co.jp,,,070,7356,9260,WAKAYAMA KEN,ARIDA GUN ARIDAGAWA CHO,NAKANO
Kitamura,saorikitamura_36431757@yahoo.co.jp,,,070,3102,7897,WAKAYAMA KEN,ARIDA GUN ARIDAGAWA CHO,NAKAHARA
Miyagawa,miyagawachika_92574565@gmail.com,,,070,8990,7470,WAKAYAMA KEN,ARIDA GUN ARIDAGAWA CHO,NAKAMINE
Eda,eda67_60238132@yahoo.co.jp,,,070,6806,7486,WAKAYAMA KEN,ARIDA GUN ARIDAGAWA CHO,NIU
Kido,noriko_kido_67339775@yahoo.co.jp,,,070,3866,1885,WAKAYAMA KEN,ARIDA GUN ARIDAGAWA CHO,NISAWA
Sakoda,sakoda32_87801908@gmail.com,,,070,9424,7386,WAKAYAMA KEN,ARIDA GUN ARIDAGAWA CHO,NISHIGAMINE
Nakajima,junichinakajima_97857681@hotmaill.com,,,070,5611,5137,WAKAYAMA KEN,ARIDA GUN ARIDAGAWA CHO,NISHINYUNOZU
Shimura,minorushimura_16555716@gmail.com,,,070,3240,1584,WAKAYAMA KEN,ARIDA GUN ARIDAGAWA CHO,NUTADA
Matsui,matsui35_36290643@yahoo.co.jp,,,070,3718,8024,WAKAYAMA KEN,ARIDA GUN ARIDAGAWA CHO,NUMA
Yamazaki,yamazaki_junko_83854265@gmail.com,,,070,2137,9432,WAKAYAMA KEN,ARIDA GUN ARIDAGAWA CHO,NUMATANI
Yamaguchi,yamaguchi_naohisa_46249607@gmail.com,,,070,3893,2839,WAKAYAMA KEN,ARIDA GUN ARIDAGAWA CHO,NODA
Wakamatsu,wakamatsu710_12593611@gmail.com,,,070,5115,3715,WAKAYAMA KEN,ARIDA GUN ARIDAGAWA CHO,NOBUSAKA
Endou,yuuyaendou_01265844@yahoo.co.jp,,,070,1077,8571,WAKAYAMA KEN,ARIDA GUN ARIDAGAWA CHO,HASEGAWA
Yanagimoto,makotoyanagimoto_24769636@yahoo.co.jp,,,070,3105,8027,WAKAYAMA KEN,ARIDA GUN ARIDAGAWA CHO,HABU
Sasaki,sasaki_89_45566803@gmail.com,,,070,2584,6270,WAKAYAMA KEN,ARIDA GUN ARIDAGAWA CHO,HIGASHIODANI
Yoshida,yoshida_818_83189122@hotmaill.com,,,070,1947,7256,WAKAYAMA KEN,ARIDA GUN ARIDAGAWA CHO,HIGASHINYUNOZU
Tsujino,takashitsujino_91598029@yahoo.co.jp,,,070,8326,4788,WAKAYAMA KEN,ARIDA GUN ARIDAGAWA CHO,HIKOGASE
Kinjou,kinjou713_94480396@hotmaill.com,,,070,1787,2293,WAKAYAMA KEN,ARIDA GUN ARIDAGAWA CHO,HIMONOGAWA
Hasegawa,hasegawa_929_30049454@gmail.com,,,070,5719,8413,WAKAYAMA KEN,ARIDA GUN ARIDAGAWA CHO,FUTAGAWA
Mitoma,mitoma_jun_56764182@gmail.com,,,070,9635,5385,WAKAYAMA KEN,ARIDA GUN ARIDAGAWA CHO,FUNASAKA
Murayama,masakimurayama_88109686@yahoo.co.jp,,,070,7301,5679,WAKAYAMA KEN,ARIDA GUN ARIDAGAWA CHO,BUYO
Abe,abetaku_73389129@yahoo.co.jp,,,070,3333,6062,WAKAYAMA KEN,ARIDA GUN ARIDAGAWA CHO,HONDO
Hori,takako_hori_12489787@hotmaill.com,,,070,6461,2084,WAKAYAMA KEN,ARIDA GUN ARIDAGAWA CHO,MATSUBARA
Hattori,hattori_wataru_40448973@gmail.com,,,070,1764,6210,WAKAYAMA KEN,ARIDA GUN ARIDAGAWA CHO,MIZUSHIRI
Kanno,kanno73_56737552@hotmaill.com,,,070,6859,3239,WAKAYAMA KEN,ARIDA GUN ARIDAGAWA CHO,MISEGAWA
Yoshida,yoshida_michi_51818862@yahoo.co.jp,,,070,9576,3192,WAKAYAMA KEN,ARIDA GUN ARIDAGAWA CHO,MITA
Aono,atsukoaono_38851467@yahoo.co.jp,,,070,4702,9712,WAKAYAMA KEN,ARIDA GUN ARIDAGAWA CHO,MIYAGAWA
Kikuchi,kikuchi_1123_84583628@hotmaill.com,,,070,3387,7601,WAKAYAMA KEN,ARIDA GUN ARIDAGAWA CHO,MYOJI
Morita,morita_51_34775137@yahoo.co.jp,,,070,2891,5997,WAKAYAMA KEN,ARIDA GUN ARIDAGAWA CHO,MUROGAWA
Tsubota,akihirotsubota_22035597@gmail.com,,,070,3779,3716,WAKAYAMA KEN,ARIDA GUN ARIDAGAWA CHO,YOSHIHARA
Shibamoto,shibamotochie_19781309@gmail.com,,,070,8741,3359,WAKAYAMA KEN,ARIDA GUN ARIDAGAWA CHO,YOSHIMI
Hori,kentarouhori_80420495@hotmaill.com,,,070,9570,6901,WAKAYAMA KEN,HIDAKA GUN MIHAMA CHO,IKANIKEISAIGANAIBAAI
Abe,abe_mai_97455033@yahoo.co.jp,,,070,9392,4600,WAKAYAMA KEN,HIDAKA GUN MIHAMA CHO,TAI
Tsubono,teruaki_tsubono_75673883@hotmaill.com,,,070,9069,6581,WAKAYAMA KEN,HIDAKA GUN MIHAMA CHO,HAMANOSE
Sasaki,sasaki_yumi_25689859@yahoo.co.jp,,,070,3821,7316,WAKAYAMA KEN,HIDAKA GUN MIHAMA CHO,MIO
Endou,endoufumi_99750009@yahoo.co.jp,,,070,1950,5950,WAKAYAMA KEN,HIDAKA GUN MIHAMA CHO,YOSHIHARA
Tamura,tamura_seiichi_83513647@hotmaill.com,,,090,5960,5860,WAKAYAMA KEN,HIDAKA GUN MIHAMA CHO,WADA
Kinoshita,sanae_kinoshita_35184034@gmail.com,,,090,3028,5809,WAKAYAMA KEN,HIDAKA GUN HIDAKA CHO,IKANIKEISAIGANAIBAAI
Shibukawa,shibukawa_228_35215425@hotmaill.com,,,090,3938,8982,WAKAYAMA KEN,HIDAKA GUN HIDAKA CHO,AO
Kamata,kamatayasuo_74704688@yahoo.co.jp,,,090,8897,3868,WAKAYAMA KEN,HIDAKA GUN HIDAKA CHO,IKEDA
Onishi,onishi_107_12750040@gmail.com,,,090,5613,8516,WAKAYAMA KEN,HIDAKA GUN HIDAKA CHO,IBARAKI
Kametani,kametani118_64291009@hotmaill.com,,,090,5800,9896,WAKAYAMA KEN,HIDAKA GUN HIDAKA CHO,UBUYU
Honda,honda_tomoyuki_67643991@hotmaill.com,,,090,6578,3593,WAKAYAMA KEN,HIDAKA GUN HIDAKA CHO,OIKE
Oka,takayuki_oka_51491131@gmail.com,,,090,9062,2899,WAKAYAMA KEN,HIDAKA GUN HIDAKA CHO,ORA
Matsumoto,matsumoto_hiroko_90514399@yahoo.co.jp,,,090,8652,7532,WAKAYAMA KEN,HIDAKA GUN HIDAKA CHO,OSAKA
Furukawa,tomoko_furukawa_42345738@hotmaill.com,,,090,7647,7407,WAKAYAMA KEN,HIDAKA GUN HIDAKA CHO,ONAKA
Nishio,kosukenishio_94969195@yahoo.co.jp,,,090,6393,7931,WAKAYAMA KEN,HIDAKA GUN HIDAKA CHO,KATAKUI
Nishizawa,nishizawa_satoru_60819985@yahoo.co.jp,,,090,5905,5775,WAKAYAMA KEN,HIDAKA GUN HIDAKA CHO,SHIGA
Hirata,hirata108_32349405@yahoo.co.jp,,,090,1563,6629,WAKAYAMA KEN,HIDAKA GUN HIDAKA CHO,TAIE
Narita,midori_narita_27642598@hotmaill.com,,,090,6542,9688,WAKAYAMA KEN,HIDAKA GUN HIDAKA CHO,TSUKUNO
Fujii,yutakafujii_89856707@gmail.com,,,090,2639,6562,WAKAYAMA KEN,HIDAKA GUN HIDAKA CHO,HAGIWARA
Sakai,sakai_hirokazu_15112454@gmail.com,,,090,1602,7165,WAKAYAMA KEN,HIDAKA GUN HIDAKA CHO,HARADANI
Sato,satotomokazu_16931889@hotmaill.com,,,090,8821,2263,WAKAYAMA KEN,HIDAKA GUN HIDAKA CHO,HII
Watai,watai_takuya_44087839@gmail.com,,,090,8130,3103,WAKAYAMA KEN,HIDAKA GUN YURA CHO,IKANIKEISAIGANAIBAAI
Ito,atsushi_ito_47586266@gmail.com,,,090,4008,3916,WAKAYAMA KEN,HIDAKA GUN YURA CHO,AJIRO
Shimabukuro,midorishimabukuro_28739212@gmail.com,,,090,4390,3904,WAKAYAMA KEN,HIDAKA GUN YURA CHO,ATO
Tsubaki,tsubaki_929_12464191@gmail.com,,,090,8586,2773,WAKAYAMA KEN,HIDAKA GUN YURA CHO,ENA
Suzuki,suzuki526_91992386@gmail.com,,,080,5053,8150,WAKAYAMA KEN,HIDAKA GUN YURA CHO,ENOKOMA
Miura,miura_toshiko_94740636@gmail.com,,,080,2946,7063,WAKAYAMA KEN,HIDAKA GUN YURA CHO,OBIKI
Tamagawa,tamagawasatoshi_78234678@yahoo.co.jp,,,080,5367,9111,WAKAYAMA KEN,HIDAKA GUN YURA CHO,KAMIYA
Bannai,shoukobannai_04249796@yahoo.co.jp,,,080,7125,6458,WAKAYAMA KEN,HIDAKA GUN YURA CHO,KOBIKI
Udagawa,udagawa_hidekatsu_12573267@yahoo.co.jp,,,080,8830,1955,WAKAYAMA KEN,HIDAKA GUN YURA CHO,SATO
Imamura,imamuraatsushi_78472324@hotmaill.com,,,080,2364,4165,WAKAYAMA KEN,HIDAKA GUN YURA CHO,TOTSUI
Fujimoto,fujimoto_218_99833502@yahoo.co.jp,,,080,5312,4464,WAKAYAMA KEN,HIDAKA GUN YURA CHO,NAKA
Taguchi,katsuhidetaguchi_19852124@yahoo.co.jp,,,080,4039,1292,WAKAYAMA KEN,HIDAKA GUN YURA CHO,HATA
Murata,murata_715_99116102@hotmaill.com,,,080,9617,7546,WAKAYAMA KEN,HIDAKA GUN YURA CHO,FUKEI
Kinoshita,kinoshita_midori_87153464@gmail.com,,,080,5252,6678,WAKAYAMA KEN,HIDAKA GUN YURA CHO,MIOGAWA
Yoshida,yoshida_tomomi_20748044@yahoo.co.jp,,,080,4137,9644,WAKAYAMA KEN,HIDAKA GUN YURA CHO,MONZEN
Miura,yuukomiura_44005421@gmail.com,,,080,6914,3075,WAKAYAMA KEN,HIDAKA GUN INAMI CHO,IKANIKEISAIGANAIBAAI
Kamiya,kyouhei_kamiya_37958926@yahoo.co.jp,,,080,1961,1439,WAKAYAMA KEN,HIDAKA GUN INAMI CHO,INAMI
Nishihara,iorinishihara_84922127@hotmaill.com,,,080,3129,5780,WAKAYAMA KEN,HIDAKA GUN INAMI CHO,INAMBARA
Nakatsukasa,norikonakatsukasa_01964723@hotmaill.com,,,080,5431,4597,WAKAYAMA KEN,HIDAKA GUN INAMI CHO,KAIZEGAWA
Watanabe,watanabenaoko_99729189@gmail.com,,,080,2933,8779,WAKAYAMA KEN,HIDAKA GUN INAMI CHO,KABORA
Chiba,chiba58_33017192@hotmaill.com,,,080,7161,1403,WAKAYAMA KEN,HIDAKA GUN INAMI CHO,KAWAMATA
Kurooka,kurooka_shinji_59949484@yahoo.co.jp,,,080,6982,2126,WAKAYAMA KEN,HIDAKA GUN INAMI CHO,KOBARA
Fukai,hideki_fukai_68198029@hotmaill.com,,,080,8868,3374,WAKAYAMA KEN,HIDAKA GUN INAMI CHO,SAKINOHARA
Ido,asako_ido_97103548@yahoo.co.jp,,,080,5466,1764,WAKAYAMA KEN,HIDAKA GUN INAMI CHO,SHIMADA
Okabe,okabe_yukiko_94805516@gmail.com,,,080,1120,3410,WAKAYAMA KEN,HIDAKA GUN INAMI CHO,TAKAKUSHI
Tamaki,tamaki_keiko_36139099@yahoo.co.jp,,,080,2871,6664,WAKAYAMA KEN,HIDAKA GUN INAMI CHO,TATEISHI
Yoshida,yoshida_atsuko_10633020@yahoo.co.jp,,,080,2313,1595,WAKAYAMA KEN,HIDAKA GUN INAMI CHO,TANOKAITO
Ito,chiharu_ito_81893475@gmail.com,,,080,2228,4065,WAKAYAMA KEN,HIDAKA GUN INAMI CHO,TSUI
Tamura,tamurachieko_34629376@gmail.com,,,080,6978,5628,WAKAYAMA KEN,HIDAKA GUN INAMI CHO,NISHIKONOGAWA
Kanno,katsuyakanno_11234436@gmail.com,,,080,1274,9860,WAKAYAMA KEN,HIDAKA GUN INAMI CHO,NISHINOJI
Nakamura,katsuhisanakamura_98821989@hotmaill.com,,,080,3892,7113,WAKAYAMA KEN,HIDAKA GUN INAMI CHO,NYU
Kondou,mayumi_kondou_40363165@gmail.com,,,080,2371,4405,WAKAYAMA KEN,HIDAKA GUN INAMI CHO,HAROKU
Takagi,takagiyouko_00920040@gmail.com,,,080,8749,9356,WAKAYAMA KEN,HIDAKA GUN INAMI CHO,FURUI
Oguri,oguri520_91666743@hotmaill.com,,,080,9081,4645,WAKAYAMA KEN,HIDAKA GUN INAMI CHO,FURUYA
Tadokoro,tadokorokazuko_37718864@hotmaill.com,,,080,4910,7507,WAKAYAMA KEN,HIDAKA GUN INAMI CHO,HOKUSOGAWA
Ito,itoai_95932573@yahoo.co.jp,,,080,7488,6512,WAKAYAMA KEN,HIDAKA GUN INAMI CHO,MATSUBARA
Nakauchi,rienakauchi_44068632@gmail.com,,,080,2409,2656,WAKAYAMA KEN,HIDAKA GUN INAMI CHO,MISATO
Iino,iinohisato_51017081@yahoo.co.jp,,,080,5439,2448,WAKAYAMA KEN,HIDAKA GUN INAMI CHO,MINAMIDANI
Matsumoto,matsumoto730_18206809@yahoo.co.jp,,,080,9134,8788,WAKAYAMA KEN,HIDAKA GUN INAMI CHO,MIYANOMAE
Koike,koike_misa_16316444@gmail.com,,,080,6796,6372,WAKAYAMA KEN,HIDAKA GUN INAMI CHO,MYOJINGAWA
Murakami,murakami417_66868449@gmail.com,,,080,6364,5853,WAKAYAMA KEN,HIDAKA GUN INAMI CHO,YAMAGUCHI
Kubo,kubo_akina_95814637@hotmaill.com,,,080,3206,5986,WAKAYAMA KEN,HIDAKA GUN MINABE CHO,IKANIKEISAIGANAIBAAI
Shimizu,shimizu_tomohiko_97857142@gmail.com,,,080,5252,6595,WAKAYAMA KEN,HIDAKA GUN MINABE CHO,ICHIIGAWA
Tsukada,motoharu_tsukada_29799596@gmail.com,,,070,9058,5286,WAKAYAMA KEN,HIDAKA GUN MINABE CHO,OSHINE
Shibata,shibata_724_68002218@hotmaill.com,,,070,2542,4196,WAKAYAMA KEN,HIDAKA GUN MINABE CHO,KISATO
Kato,kato1127_37898417@gmail.com,,,070,5151,6682,WAKAYAMA KEN,HIDAKA GUN MINABE CHO,KITADO
Baba,babashinobu_49622175@gmail.com,,,070,2253,4804,WAKAYAMA KEN,HIDAKA GUN MINABE CHO,KIYOKAWA
Nakano,kaori_nakano_32545278@hotmaill.com,,,070,7090,5524,WAKAYAMA KEN,HIDAKA GUN MINABE CHO,KUMAOKA
Fujisawa,fujisawa125_07572070@yahoo.co.jp,,,070,4440,5586,WAKAYAMA KEN,HIDAKA GUN MINABE CHO,KUMASEGAWA
Sato,sato926_36780131@gmail.com,,,070,5016,4930,WAKAYAMA KEN,HIDAKA GUN MINABE CHO,SAKAI
Katagiri,katagiriyoshinori_32280517@hotmaill.com,,,070,1709,3458,WAKAYAMA KEN,HIDAKA GUN MINABE CHO,SHIBA
Tanaka,tanakaryousuke_69308444@hotmaill.com,,,070,1707,1996,WAKAYAMA KEN,HIDAKA GUN MINABE CHO,SHIMANOSE
Yamazaki,kenji_yamazaki_18447606@gmail.com,,,070,7979,8642,WAKAYAMA KEN,HIDAKA GUN MINABE CHO,SUJI
Watanabe,watanabe1020_52842142@gmail.com,,,070,4236,6622,WAKAYAMA KEN,HIDAKA GUN MINABE CHO,TAKANO
Fukuda,yuifukuda_29726451@gmail.com,,,070,2356,7422,WAKAYAMA KEN,HIDAKA GUN MINABE CHO,TAKI
Ishikawa,ishikawa65_75840131@yahoo.co.jp,,,070,9324,1313,WAKAYAMA KEN,HIDAKA GUN MINABE CHO,TANIGUCHI
Shinozaki,shinozaki_31_01084499@gmail.com,,,070,9942,8256,WAKAYAMA KEN,HIDAKA GUN MINABE CHO,DOI
Takai,takai_47_57785757@gmail.com,,,070,2666,9983,WAKAYAMA KEN,HIDAKA GUN MINABE CHO,TOKUZO
Okuda,sachikookuda_71030245@yahoo.co.jp,,,070,3492,8494,WAKAYAMA KEN,HIDAKA GUN MINABE CHO,NISHIIWASHIRO
Sogame,sogame_shuuichi_31026630@hotmaill.com,,,070,2387,9087,WAKAYAMA KEN,HIDAKA GUN MINABE CHO,NISHIHONJO
Iwai,iwaisatoshi_15014245@gmail.com,,,070,9512,9588,WAKAYAMA KEN,HIDAKA GUN MINABE CHO,HANETA
Honda,ikumihonda_40578292@hotmaill.com,,,070,7615,8138,WAKAYAMA KEN,HIDAKA GUN MINABE CHO,HIGASHIIWASHIRO
Konishi,konishi1219_93999842@gmail.com,,,070,1437,3323,WAKAYAMA KEN,HIDAKA GUN MINABE CHO,HIGASHIKONOGAWA
Morimoto,morimoto327_89330619@yahoo.co.jp,,,070,4662,8022,WAKAYAMA KEN,HIDAKA GUN MINABE CHO,HIGASHIHONJO
Yoshida,shumpeiyoshida_22339550@gmail.com,,,070,6222,6261,WAKAYAMA KEN,HIDAKA GUN MINABE CHO,HIGASHIYOSHIDA
Nakano,nakano_221_70493672@yahoo.co.jp,,,070,1587,9677,WAKAYAMA KEN,HIDAKA GUN MINABE CHO,HIRONO
Nagamine,mikanagamine_38527700@hotmaill.com,,,070,3596,9116,WAKAYAMA KEN,HIDAKA GUN MINABE CHO,MINAMIDO
Igarashi,igarashi_nozomi_22762269@hotmaill.com,,,070,4583,2977,WAKAYAMA KEN,HIDAKA GUN MINABE CHO,YAMAUCHI
,,,,,,,,,
,,,,,,,,,
,,,,,,,,,
,,,,,,,,,
,,,,,,,,,
,,,,,,,,,
,,,,,,,,,
,,,,,,,,,
,,,,,,,,,
,,,,,,,,,
,,,,,,,,,
,,,,,,,,,
,,,,,,,,,
,,,,,,,,,
,,,,,,,,,
,,,,,,,,,
,,,,,,,,,
,,,,,,,,,
,,,,,,,,,
,,,,,,,,,
,,,,,,,,,
,,,,,,,,,
,,,,,,,,,
,,,,,,,,,
,,,,,,,,,
,,,,,,,,,
,,,,,,,,,
,,,,,,,,,
,,,,,,,,,
,,,,,,,,,
,,,,,,,,,
,,,,,,,,,
,,,,,,,,,
,,,,,,,,,
,,,,,,,,,
,,,,,,,,,
,,,,,,,,,
,,,,,,,,,
,,,,,,,,,
,,,,,,,,,
,,,,,,,,,
,,,,,,,,,
,,,,,,,,,
,,,,,,,,,
,,,,,,,,,
,,,,,,,,,
,,,,,,,,,
,,,,,,,,,
,,,,,,,,,
,,,,,,,,,
,,,,,,,,,
,,,,,,,,,
,,,,,,,,,
,,,,,,,,,
,,,,,,,,,
,,,,,,,,,
,,,,,,,,,
,,,,,,,,,
,,,,,,,,,
,,,,,,,,,
,,,,,,,,,
,,,,,,,,,
,,,,,,,,,
,,,,,,,,,
,,,,,,,,,
,,,,,,,,,
,,,,,,,,,
,,,,,,,,,
,,,,,,,,,
,,,,,,,,,
,,,,,,,,,
,,,,,,,,,
,,,,,,,,,
,,,,,,,,,
,,,,,,,,,
,,,,,,,,,
,,,,,,,,,
,,,,,,,,,
,,,,,,,,,
,,,,,,,,,
,,,,,,,,,
,,,,,,,,,
,,,,,,,,,
,,,,,,,,,
,,,,,,,,,
,,,,,,,,,
,,,,,,,,,
,,,,,,,,,
,,,,,,,,,
,,,,,,,,,
,,,,,,,,,
,,,,,,,,,
,,,,,,,,,
,,,,,,,,,
,,,,,,,,,
,,,,,,,,,
,,,,,,,,,
,,,,,,,,,
,,,,,,,,,
,,,,,,,,,
,,,,,,,,,
,,,,,,,,,
,,,,,,,,,
,,,,,,,,,
,,,,,,,,,
,,,,,,,,,
